sequence,length,Prob_Mean,Pred_Mean,Pred_U_Mean,Pred_R_Mean,Prob_U_Mean,Prob_R_Mean,Prob_U0,Prob_U1,Prob_U2,Prob_U3,Prob_U4,Prob_U5,Prob_U6,Prob_U7,Prob_U8,Prob_U9,Prob_R0,Prob_R1,Prob_R2,Prob_R3,Prob_R4,Prob_R5,Prob_R6,Prob_R7,Prob_R8,Prob_R9,Pred_U0,Pred_U1,Pred_U2,Pred_U3,Pred_U4,Pred_U5,Pred_U6,Pred_U7,Pred_U8,Pred_U9,Pred_R0,Pred_R1,Pred_R2,Pred_R3,Pred_R4,Pred_R5,Pred_R6,Pred_R7,Pred_R8,Pred_R9
CCAGATCCTCAGAGGGTTAAAATATATCCATTCAGCTAACGTTCTGCACCGTGA,54,0.6602649234235287,0.6,0.2,1.0,0.42559801787137985,0.8949318289756775,0.27338385581970215,0.47272631525993347,0.48765382170677185,0.2473730593919754,0.35245832800865173,0.47723013162612915,0.2943602204322815,0.645768940448761,0.33653050661087036,0.6684949994087219,0.9478190541267395,0.9017449021339417,0.6321321129798889,0.8906411528587341,0.9564931988716125,0.850883424282074,0.9464835524559021,0.9836755394935608,0.8800983428955078,0.9593470096588135,0,0,0,0,0,0,0,1,0,1,1,1,1,1,1,1,1,1,1,1
AAACCTTTGCATCTTCTGATAGTCTAGCCAAGGTCCAAGAAGTAGCAAGCTGGCTTTTGGAA,62,0.9502554893493652,1.0,1.0,1.0,0.9935340940952301,0.9069768846035003,0.9969600439071655,0.9977360963821411,0.9978849291801453,0.9942065477371216,0.9828727841377258,0.9962431192398071,0.9890012741088867,0.9963841438293457,0.9868929982185364,0.9971590042114258,0.9649168848991394,0.922282874584198,0.6246416568756104,0.9342493414878845,0.9012823700904846,0.873011589050293,0.9394939541816711,0.9778887033462524,0.9666034579277039,0.9653980135917664,1,1,1,1,1,1,1,1,1,1,1,1,1,1,1,1,1,1,1,1
AGCGGTAGTGGTCCCGGAATTAAGAAAACAGAGCGACGAGCAAGAAGCAGCCCAAAGTCGAATGATTCAGACTTGCA,77,0.9362133175134659,0.95,1.0,0.9,0.9814346194267273,0.8909920156002045,0.9919607043266296,0.9921444654464722,0.9903458952903748,0.9829748272895813,0.9446643590927124,0.9915307760238647,0.9820391535758972,0.9887495040893555,0.9618716835975647,0.9880648255348206,0.982947051525116,0.9849281907081604,0.26039057970046997,0.9358876347541809,0.9888540506362915,0.8500350117683411,0.9669784903526306,0.9908807277679443,0.9580179452896118,0.9910004734992981,1,1,1,1,1,1,1,1,1,1,1,1,0,1,1,1,1,1,1,1
CCTGCCCTGGTGAAAATGCTTGGTTCACCAGTGGATTCTGTGTTGTTTTATGCCATTACAACTCTCCACAACCTTTTATTACATCAAGAAGGAGCTAAAATGGCAGT,107,0.9735561400651932,1.0,1.0,1.0,0.9714406371116638,0.9756716430187226,0.9790328741073608,0.9910765886306763,0.9810209274291992,0.9796608686447144,0.9193788766860962,0.9734101295471191,0.9603379964828491,0.9803965091705322,0.9704148173332214,0.9796767830848694,0.9787417054176331,0.989686906337738,0.9892431497573853,0.952289879322052,0.9839993119239807,0.9650238752365112,0.9711975455284119,0.9847128391265869,0.9479490518569946,0.9938721656799316,1,1,1,1,1,1,1,1,1,1,1,1,1,1,1,1,1,1,1,1
GGAGGACGTGCAGAGACTCCAGGCCAGCCTCACCAAGCTGCGGGAGAATTCGGCCAGCCAGATCTCACAGCTTGAGCAGCAGCTGAGCGCCAAAAACAGCACACTCA,107,0.8098796591162681,0.9,0.8,1.0,0.6815161854028702,0.9382431328296661,0.6297633647918701,0.5289185643196106,0.7811221480369568,0.2456745207309723,0.4059183597564697,0.7714765071868896,0.6328882575035095,0.9421759247779846,0.8902522921562195,0.986971914768219,0.9686106443405151,0.9857199788093567,0.9276331663131714,0.9263342618942261,0.9759111404418945,0.8330739140510559,0.954145610332489,0.9860050082206726,0.8373168110847473,0.9876807928085327,1,1,1,0,0,1,1,1,1,1,1,1,1,1,1,1,1,1,1,1
CTCTTGGTGGAGCCCATATTGAACCCTGCCCATGAGCTTCAGGCCATAGGGAGGGTGCACCGAATTGGACAGACAAAACCTACTATTGTACACAGATTCTTAATTAAAGCAACAATAGAAGAAAGAA,127,0.9816848009824752,1.0,1.0,1.0,0.993844735622406,0.9695248663425445,0.9941311478614807,0.996070146560669,0.997327446937561,0.9966340661048889,0.9976783394813538,0.9906219840049744,0.9936079978942871,0.9970722198486328,0.989688515663147,0.9856154918670654,0.9767731428146362,0.9879683256149292,0.9956420660018921,0.9622346758842468,0.9522824883460999,0.9037954211235046,0.9758274555206299,0.9856189489364624,0.9681158661842346,0.9869902729988098,1,1,1,1,1,1,1,1,1,1,1,1,1,1,1,1,1,1,1,1
CTTCTGCTGAGCAGGGATGGCAGGACCCTGTACGTGGGTGCTCGAGAGGCCCTCTTTGCACTCAGTAGCAACCTCAGCTTCCTGCCAGGCGGGGAGTACCAGGAGCTGCTTTGGGGTGCAGACGCAGAGA,130,0.9764468640089035,1.0,1.0,1.0,0.9913448631763458,0.9615488648414612,0.9909289479255676,0.9977806210517883,0.9969325065612793,0.9915785789489746,0.991777777671814,0.9924749732017517,0.9733119606971741,0.9953610301017761,0.990270733833313,0.9930315017700195,0.9817553758621216,0.9886701107025146,0.9790621995925903,0.9688354134559631,0.992500364780426,0.7882503867149353,0.9733988046646118,0.9887054562568665,0.967254638671875,0.9870558977127075,1,1,1,1,1,1,1,1,1,1,1,1,1,1,1,1,1,1,1,1
AGTTGGCCGCCAAGGAGCGGGAGATCGCACAGCTGGTGGAGGACGTGCAGAGACTCCAGGCCAGCCTCACCAAGCTGCGGGAGAATTCGGCCAGCCAGATCTCACAGCTTGAGCAGCAGCTGAGCGCCAAAAACAGCA,138,0.9635181218385697,1.0,1.0,1.0,0.9933590114116668,0.9336772322654724,0.9964319467544556,0.996570348739624,0.9950661659240723,0.9967979788780212,0.994117259979248,0.9855050444602966,0.991780698299408,0.9935823082923889,0.9910953044891357,0.9926430583000183,0.970686674118042,0.9898651242256165,0.9547702074050903,0.9537836313247681,0.9879399538040161,0.7419110536575317,0.9499704837799072,0.978367805480957,0.8158286809921265,0.9936487078666687,1,1,1,1,1,1,1,1,1,1,1,1,1,1,1,1,1,1,1,1
GAGCTCATCTACCTGGACCCCCACACCACGCAGCCAGCCGTGGAGCCCACTGATGGCTGCTTCATCCCGGACGAGAGCTTCCACTGCCAGCACCCGCCGTGCCGCATGAGCATCGCGGAGCTTGACCCGTCCATCGCTG,139,0.9311381369829178,1.0,1.0,1.0,0.9101646721363068,0.9521116018295288,0.9485994577407837,0.9696491956710815,0.9852474927902222,0.9000009298324585,0.7652183771133423,0.9092570543289185,0.7544896006584167,0.9790859818458557,0.9096561670303345,0.980442464351654,0.9636589884757996,0.9806628823280334,0.8835594654083252,0.967033326625824,0.9820157289505005,0.9202588200569153,0.9557802677154541,0.9828563332557678,0.903724730014801,0.9815654754638672,1,1,1,1,1,1,1,1,1,1,1,1,1,1,1,1,1,1,1,1
TGCACAGCTAAAGCAGTTCATTCAGCGACATGGTATGCTTAAGCAACAGGATCTAAGTATTGCCATGGTGGTGACATCACGCGAAGTCCTGAGTGCACTTTCTCAGCTTGTCCCATGTGTTGGTTGTCGTCGCAGTGTG,139,0.972452700138092,1.0,1.0,1.0,0.9745661854743958,0.9703392148017883,0.9886983036994934,0.9908751249313354,0.9961750507354736,0.9802913665771484,0.9737308025360107,0.9433187246322632,0.9251536726951599,0.9844349026679993,0.968488335609436,0.9944955706596375,0.9693734645843506,0.9696307182312012,0.9678395390510559,0.963121235370636,0.99128657579422,0.9198185205459595,0.9693780541419983,0.9809194207191467,0.9826689958572388,0.9893556237220764,1,1,1,1,1,1,1,1,1,1,1,1,1,1,1,1,1,1,1,1
CTTCTTCAAGTCCCCCTTGTGGCGGGGACTGTGAACCGAGGCAGTGAGGTGATTGCTGCTGGGATGGTGGTGAATGACTGGTGTGCCTTCTGTGGCCTGGACACAACCAGCACAGAGCTGTCAGTGGTGGAGAGTGTCTTCAAGCTGA,148,0.9079618781805039,0.95,1.0,0.9,0.9516623198986054,0.8642614364624024,0.9451501369476318,0.990287184715271,0.9736232161521912,0.9100260138511658,0.9395748376846313,0.8869888782501221,0.9356282353401184,0.9885895252227783,0.9543645977973938,0.9923905730247498,0.924322783946991,0.9720662236213684,0.45802462100982666,0.9555546641349792,0.9899769425392151,0.5530695915222168,0.9520480036735535,0.9629198312759399,0.8899019956588745,0.9847297072410583,1,1,1,1,1,1,1,1,1,1,1,1,0,1,1,1,1,1,1,1
AGGCTTGGGGAGCCCACCTCCAATGAGACTCTGTCCTGCGTCATCATCTTTGTCATCGTGTACTACGCCCTGATGGCTGGTGTGGTTTGGTTTGTGGTCCTCACCTATGCCTGGCACACTTCCTTCAAAGCCCTGGGCACCACCTACC,148,0.8949151784181595,1.0,1.0,1.0,0.9349591076374054,0.8548712491989136,0.9656476378440857,0.9737185835838318,0.9949016571044922,0.9762829542160034,0.9181321263313293,0.8908624053001404,0.7589948177337646,0.9755607843399048,0.9585854411125183,0.9369046688079834,0.7111649513244629,0.9582198262214661,0.6210065484046936,0.9294493794441223,0.9419384598731995,0.7628336548805237,0.9605168700218201,0.9649319648742676,0.7532339096069336,0.9454169273376465,1,1,1,1,1,1,1,1,1,1,1,1,1,1,1,1,1,1,1,1
CGGTGGCTGTGCCCGCTGCAAGGGGCCACTGCCCACTGACTGCTGCCATGAGCAGTGTGCTGCCGGCTGCACGGGCCCCAAGCACTCTGACTGCCTGGCCTGCCTCCACTTCAACCACAGTGGCATCTGTGAGCTGCACTGCCCAGCCC,149,0.9582531452178955,1.0,1.0,1.0,0.9708183169364929,0.9456879734992981,0.978245198726654,0.9880989193916321,0.9689218997955322,0.9477464556694031,0.9476905465126038,0.9707973003387451,0.9534851908683777,0.9828848838806152,0.977390468120575,0.992922306060791,0.9695085883140564,0.9846216440200806,0.8449216485023499,0.9482190012931824,0.9824110865592957,0.8883835673332214,0.9740591645240784,0.9824884533882141,0.8972418904304504,0.9850246906280518,1,1,1,1,1,1,1,1,1,1,1,1,1,1,1,1,1,1,1,1
GCTGCACAGGAGAAGGATGGTATCGTAATAGTGAAGGTGGAAGAGGAAGATGAGGAAGACCACATGTGGGGGCAGGATTCCACCCTACAGGACACGCCTCCTCCAGACCCAGAGATATTCCGCCAACGCTTCAGGCGCTTCTGTTACCAGA,151,0.9312468707561493,1.0,1.0,1.0,0.9203607022762299,0.9421330392360687,0.9575749039649963,0.8570877909660339,0.992324948310852,0.9548640847206116,0.9355391263961792,0.7340170741081238,0.8817204236984253,0.9750716686248779,0.9587118625640869,0.9566951394081116,0.9616843461990356,0.984977126121521,0.9858099818229675,0.9608168005943298,0.9941415190696716,0.6318772435188293,0.9380137324333191,0.9805724620819092,0.9921342134475708,0.9913029670715332,1,1,1,1,1,1,1,1,1,1,1,1,1,1,1,1,1,1,1,1
GAGAAGGATGGTATCGTAATAGTGAAGGTGGAAGAGGAAGATGAGGAAGACCACATGTGGGGGCAGGATTCCACCCTACAGGACACGCCTCCTCCAGACCCAGAGATATTCCGCCAACGCTTCAGGCGCTTCTGTTACCAGAACACTTTTG,151,0.9503981858491898,1.0,1.0,1.0,0.9459998965263366,0.9547964751720428,0.9888131022453308,0.961044192314148,0.9610336422920227,0.9292895197868347,0.8991473913192749,0.9417110681533813,0.8615478277206421,0.9835565090179443,0.9810794591903687,0.9527762532234192,0.9625234007835388,0.9860170483589172,0.9905416369438171,0.9653040170669556,0.9938350915908813,0.7702696919441223,0.9431487917900085,0.9723588824272156,0.977196991443634,0.9867691993713379,1,1,1,1,1,1,1,1,1,1,1,1,1,1,1,1,1,1,1,1
ACCAGTTTGTTGGCGGAAGCGTGTAAAATCAGAGTACATGCGACTGAGACAGCTCAAGAGGTTCAGACGAGCTGATGAAGTAAAGAGTATGTTTAGTTCCAATCGTCAGAAAATTTTGGAAAGAACGGAAATCTTAAACCAAGAATGGAAACAGCG,156,0.9553352862596511,1.0,1.0,1.0,0.9863663971424103,0.9243041753768921,0.9824751019477844,0.9929176568984985,0.9907459020614624,0.9831498265266418,0.9932398796081543,0.9915010929107666,0.9788777232170105,0.9907810091972351,0.9763468503952026,0.9836289286613464,0.9650460481643677,0.9803549647331238,0.9512051939964294,0.9685019254684448,0.9917431473731995,0.7540920376777649,0.946692705154419,0.9849669337272644,0.7721105217933655,0.928328275680542,1,1,1,1,1,1,1,1,1,1,1,1,1,1,1,1,1,1,1,1
GCGCTCAATCCTTTGGGAACTAAACCGGAGCCAGAGGAAGGGGAGAATGAGTGTCGCCTGCTAAAGAAAGTCAAGTCTGAAAAGCAATGATGTTGTCCACTGGGCATGTACTGACCAATGTGGCAGGTCTGAGAACATAGCTGAAGCTGAAAATAGGAAAGCTGGGGGCAAGGAAGAGCCTTGAATCTTGAGGTGGGACGTTGACTCTAAG,211,0.9776413679122925,1.0,1.0,1.0,0.9814037501811981,0.9738789856433868,0.9937105178833008,0.9939246773719788,0.9985822439193726,0.9769365191459656,0.9746875166893005,0.9772971868515015,0.9594736695289612,0.9871992468833923,0.9745352864265442,0.9776906371116638,0.9830785393714905,0.9810619950294495,0.9965597987174988,0.9817488193511963,0.9783234596252441,0.9596594572067261,0.962978720664978,0.981490969657898,0.9647601842880249,0.9491279125213623,1,1,1,1,1,1,1,1,1,1,1,1,1,1,1,1,1,1,1,1
AATGGACAGAAGCTATCCAGGCTGTAGCAGACAGACTGCAGAGGCAAGAAGAGGAGAGAATGAATTGTAGTCCAACTTCACAAATTGATAATATAGGAGAGGAAGAGATGGATGCCTCTACAACCCATCATAAAAGAAAGACAATGAATGATTTTGACTATTTGAAACTACTAGGTAAAGGCACTTTTGGGAAAGTTATTTTGGTTCGAGAGAAGG,216,0.9742865204811096,1.0,1.0,1.0,0.9875278294086456,0.9610452115535736,0.9941626191139221,0.9830167889595032,0.9940809607505798,0.987346887588501,0.9961602687835693,0.9800114631652832,0.9777733683586121,0.9946269392967224,0.9806761741638184,0.9874228239059448,0.9814861416816711,0.9911468625068665,0.9967754483222961,0.9848266839981079,0.9791373014450073,0.8117008209228516,0.9711058139801025,0.9832695722579956,0.9373453259468079,0.9736581444740295,1,1,1,1,1,1,1,1,1,1,1,1,1,1,1,1,1,1,1,1
ACAAGGGTCAGGTGCCTGAGAACGAGGCTAACGTCGTAATCACCACACTGAAAGTGACTGATGCTGATGCCCCCAATACCCCAGCGTGGGAGGCTGTATACACCATATTGAATGATGATGGTGGACAATTTGTCGTCACCACAAATCCAGTGAACAACGATGGCATTTTGAAAACAGCAAAGGGCTTGGATTTTGAGGCCAAGCAGCAGTACATTCTACACGTAGCAGTGACGAATGTGGTACCTTTTGAGGTCTCTCTCACCACCTCCACAGCCACCGTCACCGTGGATGTGCTGGATGTGAATGAAGCCCC,313,0.9421799927949905,1.0,1.0,1.0,0.9824109673500061,0.901949018239975,0.9901755452156067,0.9946985244750977,0.9969911575317383,0.9774957895278931,0.9558875560760498,0.9813942909240723,0.9846516847610474,0.9850875735282898,0.9861288666725159,0.9715986847877502,0.9081354737281799,0.9726435542106628,0.8708592057228088,0.9409518241882324,0.960472047328949,0.7423450350761414,0.9418067932128906,0.9525220990180969,0.7905718684196472,0.9391822814941406,1,1,1,1,1,1,1,1,1,1,1,1,1,1,1,1,1,1,1,1
AATCATTGCAAATCAGTGATGGATCAGAAGTTGCAGAGTGCAATCCCGAGTAAAAGTCTTCAAAAAATTTTGCTTCAGGTAACAGAGGAAGGAAAATTGATCTACCACCTTAAAACCCTGATCTAGAAAAAATATATATTCATGATAGGAAGTTATAACTAAGAAAATTTATTTGCCTCTTAATGCTCCTGAATGAAAGGAATTATCCCTTTGTTCTTTGGGAGGACTTGTGTATCTGAGATTGTTGTAATAATCAGTCATTTTATTAAAACCTTGACATGATCACCAGGGAGGAAAAATAGAGCAATAGTCAAAACCTGTGTGTTAGTCCAAG,334,0.9719388335943222,1.0,1.0,1.0,0.9819503784179687,0.9619272887706757,0.9797929525375366,0.9902185797691345,0.9883269667625427,0.9852128028869629,0.981196939945221,0.9877871870994568,0.9777544140815735,0.9949716329574585,0.9772199988365173,0.9570223093032837,0.9689520001411438,0.9796295762062073,0.9854497909545898,0.9656875133514404,0.9469099640846252,0.974811315536499,0.9607126116752625,0.9693528413772583,0.8973351120948792,0.9704321622848511,1,1,1,1,1,1,1,1,1,1,1,1,1,1,1,1,1,1,1,1
GTCATATCTCCGTACCTCACTTCCTGACACAAACAAGTTTTCACTGTTGTCAGCAACAAAGCCCTAATATAGCTGCGGAAGAGAAAAACTGCATTGCATTTTGCCTCCTGCAAGCATCATCAACAGTTACTGGAGGAACGTAATTCCAGAAAGCTTGAAAGCCGTGGTGATGGTAATTATGTATCAAATGCCTGGTTCTATTTCTGTTATTATTGTTTTGTCATTTCTGTTTTCCCAGCGATCTGACTGAACTCGCAGAGGGACAAATCCAGTTTTTCTTTTTGACTTTTGTCAAACTAAATCAGGCCTGATAGAAAACTCATTGCTCTCCGGGGAAACAAAGTAGGAGCCACGAAATGTCATTTTAACAGAGCGTGGGTTTGGTGACTGTAGGAAAGGATTTGAGGACGCTCCTTCTGTTCGGCTTCCTATGTCATGAGCACAGGCTCCACGCACGCACAGACACCACGGCTCCCGG,478,0.9552903860807419,1.0,1.0,1.0,0.9623634040355682,0.9482173681259155,0.9653105735778809,0.9859977960586548,0.9660946726799011,0.9248566627502441,0.950840950012207,0.9653617143630981,0.9585234522819519,0.970720112323761,0.9665175676345825,0.9694105386734009,0.9697171449661255,0.9708786606788635,0.9858723282814026,0.9372348189353943,0.9111570119857788,0.9138875603675842,0.965323269367218,0.9511021971702576,0.9230308532714844,0.9539698362350464,1,1,1,1,1,1,1,1,1,1,1,1,1,1,1,1,1,1,1,1
